[
  {
    "id": "news-1",
    "title": "AI Revolutionizes Healthcare Diagnostics",
    "introParagraph": "Artificial intelligence is fundamentally transforming the landscape of healthcare diagnostics around the world, enabling medical professionals to identify and address patient conditions with unprecedented speed and accuracy. By leveraging advanced machine learning algorithms, AI systems can process vast amounts of medical data, including imaging scans and patient histories, to detect subtle patterns that might elude human eyes. This technological shift not only enhances the precision of diagnoses for complex diseases but also streamlines workflows in busy hospitals, allowing for quicker interventions and better resource allocation. Furthermore, as AI continues to evolve, it promises to democratize access to high-quality healthcare in underserved regions through remote diagnostic tools and telemedicine integrations. Overall, the integration of AI in diagnostics represents a pivotal advancement toward more efficient, equitable, and effective medical care globally.",
    "excerpt": "",
    "date": "Jan 5, 2024",
    "author": "John Smith",     "author": "John Smith",
    "image": "/Blog_Image/Blog.png",
    "category": "Technology ",
    "content": "Artificial intelligence tools are enabling faster diagnosis of diseases like cancer, diabetes, and cardiovascular issues by analyzing complex datasets from MRIs, CT scans, and blood tests with remarkable efficiency. With machine learning algorithms continuously learning from new data, medical errors are significantly reduced, leading to improved patient outcomes and higher survival rates in critical cases. Hospitals report increased efficiency through automated preliminary assessments, which reduce wait times for specialist consultations and allow doctors to focus on treatment planning rather than routine analysis. Additionally, AI facilitates personalized medicine by predicting disease progression based on genetic markers and lifestyle factors, tailoring therapies to individual needs. As adoption grows, collaborations between tech companies and healthcare providers are fostering innovations that could ultimately lower costs and expand access to cutting-edge diagnostics worldwide.",
    "gridImages": ["/Blog_Image/Blog.png", "/Blog_Image/Blog.png", "/Blog_Image/Blog.png"],
    "elements": [{ "title": "faster and more accurate disease detection," }, { "title": "Customer Service" }, { "title": "Good Work" }, { "title": "personalized treatment recommendations" }],
    "additionalContent": "AI in healthcare is projected to grow rapidly, leading to enhanced collaboration between doctors and machines."
  },
  {
    "id": "news-2",
    "title": "Sustainable Energy Adoption Rises Globally",
    "introParagraph": "Green energy initiatives are gaining unprecedented momentum in both developed and emerging economies, driven by urgent needs to address climate change and energy security concerns. Investments in solar and wind power have surged to record levels, supported by technological advancements that make these sources more efficient and cost-effective than ever before. Governments worldwide are implementing policies such as subsidies and tax incentives to accelerate the transition away from fossil fuels, fostering a collaborative environment for innovation in renewable technologies. This shift not only reduces greenhouse gas emissions but also creates millions of jobs in manufacturing, installation, and maintenance sectors. As a result, sustainable energy is becoming a cornerstone of global economic strategies, promising a cleaner and more resilient future for generations to come.",
    "excerpt": "Solar and wind power investments reach record levels worldwide.",
    "date": "Jan 15, 2024",
    "author": "Sarah Lee",
    "image": "/Blog_Image/Blog.png",
    "category": "Environment",
    "content": "Nations are increasingly investing in renewable energy sources to combat climate change, with solar panels and wind farms proliferating in diverse landscapes from deserts to offshore sites. These technologies are becoming more affordable due to economies of scale and breakthroughs in materials science, enabling even small communities to achieve energy independence. Supportive government policies, including renewable portfolio standards and international agreements like the Paris Accord, are crucial in driving this adoption forward. Moreover, the integration of energy storage solutions such as advanced batteries ensures reliable power supply even during intermittent conditions. By 2050, experts anticipate that renewables will dominate electricity generation, significantly mitigating environmental impacts and enhancing global energy equity.",
    "gridImages": ["/Blog_Image/Blog.png", "/Blog_Image/Blog.png", "/Blog_Image/Blog.png"],
    "elements": [{ "title": "Communication" }, { "title": "Customer Service" }, { "title": "Good Work" }, { "title": "Great Timelines" }],
    "additionalContent": "With supportive government policies, renewable energy adoption is expected to dominate electricity generation by 2050."
  },
  {
    "id": "news-3",
    "title": "Remote Work Culture Reshapes Cities",
    "introParagraph": "The post-pandemic workforce has undergone a dramatic shift in preferences, with many employees favoring flexible arrangements that blend home and office environments. Companies are increasingly embracing hybrid work models, which allow for greater autonomy and reduce the necessity for daily commutes, thereby impacting urban planning and development. This change is leading to a reevaluation of city infrastructures, as reduced demand for traditional office spaces prompts the repurposing of commercial buildings into mixed-use developments. Additionally, remote work promotes better work-life balance, potentially decreasing urban congestion and pollution levels while stimulating economic growth in suburban and rural areas. Overall, this cultural evolution is redefining how cities function, prioritizing livability and sustainability in urban design.",
    "excerpt": "Companies embrace hybrid work models, impacting urban development.",
    "date": "Feb 1, 2024",
    "author": "Michael Brown",
    "image": "/Blog_Image/Blog.png",
    "category": "Business",
    "content": "Remote and hybrid work models reduce the demand for office spaces, transforming real estate markets by converting empty skyscrapers into residential apartments and community hubs. Cities adapt by repurposing commercial areas into residential and co-working hubs, which foster vibrant neighborhoods with integrated amenities like parks and cafes. This transformation fosters flexible lifestyles and work-life balance, allowing individuals to pursue personal interests alongside professional responsibilities. Businesses benefit from reduced overhead costs on rent and utilities, redirecting savings toward employee development and innovation. As this trend continues, it could lead to more equitable urban growth, with investments spreading beyond central business districts to enhance peripheral communities.",
    "gridImages": ["/Blog_Image/Blog.png", "/Blog_Image/Blog.png", "/Blog_Image/Blog.png"],
    "elements": [{ "title": "Communication" }, { "title": "Customer Service" }, { "title": "Good Work" }, { "title": "Great Timelines" }],
    "additionalContent": "This transformation fosters flexible lifestyles and work-life balance, while businesses reduce overhead costs."
  },
  {
    "id": "news-4",
    "title": "Space Tourism Gains Momentum",
    "introParagraph": "Private companies are pioneering efforts to make space travel more accessible to the general public, turning what was once science fiction into a burgeoning reality. Commercial space flights are attracting widespread global interest, with affluent adventurers and researchers eager to experience the thrill of orbital journeys. Innovations in reusable rocket technology and spacecraft design are driving down costs, making space tourism a viable prospect for a broader audience in the near future. These advancements are also fostering international collaborations to establish safety protocols and regulatory frameworks to ensure sustainable growth in this nascent industry. As competition intensifies, space tourism is poised to redefine human exploration and open new economic opportunities in the cosmos.",
    "excerpt": "Commercial space flights attract global interest.",
    "date": "Feb 10, 2024",
    "author": "Emily Johnson",
    "image": "/Blog_Image/Blog.png",
    "category": "Science",
    "content": "Companies like SpaceX and Blue Origin are conducting commercial trips to orbit, offering suborbital and orbital experiences for tourists and scientific missions. While costs remain high, advancements in reusable rocket systems and lightweight materials promise more affordable travel in the coming decades. These developments are driving competition, prompting companies to innovate rapidly while prioritizing passenger safety through rigorous testing and international standards. Space tourism is also spurring economic growth in related sectors, such as spaceport construction and astronaut training facilities. As the industry matures, it is expected to catalyze advancements in space exploration technologies, potentially enabling lunar tourism and beyond.",
    "gridImages": ["/Blog_Image/Blog.png", "/Blog_Image/Blog.png", "/Blog_Image/Blog.png"],
    "elements": [{ "title": "Communication" }, { "title": "Customer Service" }, { "title": "Good Work" }, { "title": "Great Timelines" }],
    "additionalContent": "As competition grows, safety measures and space regulations become crucial to sustain this industry."
  },
  {
    "id": "news-5",
    "title": "Electric Cars Dominate Auto Sales",
    "introParagraph": "Electric vehicle (EV) adoption is accelerating globally as declining battery costs and enhanced performance make them a preferred choice for consumers and fleet operators. Governments are bolstering this trend with substantial incentives, such as tax credits and grants for charging infrastructure, aiming to phase out fossil fuel vehicles by 2035. Automakers are investing heavily in next-generation battery technologies, including solid-state batteries that offer longer ranges and faster charging times. This shift is transforming transportation, reducing urban air pollution and dependence on oil imports, while creating new opportunities in green manufacturing and renewable energy integration. As EVs become mainstream, they are reshaping global mobility toward a sustainable future.",
    "excerpt": "Electric vehicles outsell traditional cars in multiple countries.",
    "date": "Feb 20, 2024",
    "author": "Daniel Carter",
    "image": "/Blog_Image/Blog.png",
    "category": "Technology",
    "content": "Electric vehicle demand is booming as infrastructure improves, with countries like Norway and China seeing EVs surpass traditional cars in sales. Companies are investing in faster charging stations and affordable battery technology, such as lithium-iron-phosphate cells, which offer durability and safety. Government policies, including rebates and bans on new gasoline vehicle sales, are accelerating this transition, while innovations in battery recycling address environmental concerns. EVs are reducing urban air pollution and supporting grid stability through vehicle-to-grid systems, where cars supply power during peak demand. This trend is expected to drive significant economic and environmental benefits, positioning EVs as a cornerstone of carbon-neutral transportation by 2035.",
    "gridImages": ["/Blog_Image/Blog.png", "/Blog_Image/Blog.png", "/Blog_Image/Blog.png"],
    "elements": [{ "title": "Communication" }, { "title": "Customer Service" }, { "title": "Good Work" }, { "title": "Great Timelines" }],
    "additionalContent": "Governments encourage EV use with incentives, aiming for carbon neutrality by 2035."
  },
  {
    "id": "news-6",
    "title": "E-Learning Platforms Transform Education",
    "introParagraph": "Digital classrooms have become a global standard, revolutionizing access to education by providing flexible, high-quality learning opportunities to students regardless of their location. E-learning platforms are leveraging artificial intelligence and interactive technologies to deliver personalized curricula, catering to diverse learning styles and needs. These platforms bridge educational gaps in remote and underserved areas, offering courses from basic literacy to advanced degrees. By integrating gamified learning and virtual tutors, they enhance student engagement and retention, making education more inclusive. As e-learning continues to evolve, it is poised to complement traditional classrooms and redefine lifelong learning for a global audience.",
    "excerpt": "Students worldwide benefit from online learning platforms.",
    "date": "Mar 1, 2024",
    "author": "Sophia Martinez",
    "image": "/Blog_Image/Blog.png",
    "category": "Education",
    "content": "Virtual classrooms enable access to quality education across remote areas, with platforms offering courses from leading universities and industry experts. AI tutors adapt lessons to individual student progress, while interactive modules, such as virtual labs and simulations, enhance practical learning. These platforms are cost-effective, reducing barriers for low-income communities and enabling lifelong learning for professionals seeking upskilling. Integration with augmented reality and gamification boosts engagement, making learning more immersive and enjoyable. As e-learning grows, it is expected to play a critical role in addressing global education disparities and preparing workforces for future economies.",
    "gridImages": ["/Blog_Image/Blog.png", "/Blog_Image/Blog.png", "/Blog_Image/Blog.png"],
    "elements": [{ "title": "Communication" }, { "title": "Customer Service" }, { "title": "Good Work" }, { "title": "Great Timelines" }],
    "additionalContent": "E-learning will continue to complement traditional classrooms and improve lifelong education."
  },
  {
    "id": "news-7",
    "title": "Global Food Security Concerns Rise",
    "introParagraph": "Climate change is significantly impacting global agriculture, with extreme weather events disrupting crop yields and threatening food security worldwide. Farmers are grappling with unpredictable conditions, from prolonged droughts to severe flooding, which reduce harvests and drive up food prices. Innovative solutions like hydroponics, vertical farming, and genetically modified crops are being adopted to enhance resilience and productivity. Governments and organizations are prioritizing sustainable agricultural practices to stabilize supply chains and ensure equitable food access. These efforts are critical to addressing the growing challenges of feeding a global population amidst environmental uncertainties.",
    "excerpt": "Farmers face challenges due to unpredictable weather.",
    "date": "Mar 10, 2024",
    "author": "David Wilson",
    "image": "/Blog_Image/Blog.png",
    "category": "Environment",
    "content": "Extreme weather events disrupt agriculture, leading to food shortages in vulnerable regions like sub-Saharan Africa and Southeast Asia. Innovative farming techniques, such as hydroponics and vertical farming, maximize output in limited spaces, while drought-resistant crop varieties improve yields under adverse conditions. International collaborations are promoting knowledge-sharing and funding for sustainable practices, including precision agriculture that optimizes water and fertilizer use. These strategies aim to mitigate risks and ensure stable food supplies despite climate volatility. Global efforts are essential to strengthen supply chains and prevent famine in at-risk communities.",
    "gridImages": ["/Blog_Image/Blog.png", "/Blog_Image/Blog.png", "/Blog_Image/Blog.png"],
    "elements": [{ "title": "Communication" }, { "title": "Customer Service" }, { "title": "Good Work" }, { "title": "Great Timelines" }],
    "additionalContent": "Global collaboration is essential to ensure sustainable food supply chains."
  },
  {
    "id": "news-8",
    "title": "Cybersecurity Becomes a Top Priority",
    "introParagraph": "As cyberattacks like ransomware and phishing escalate, businesses and individuals are prioritizing robust cybersecurity measures to protect sensitive data and infrastructure. Companies are investing heavily in advanced security frameworks, including encryption and multi-factor authentication, to safeguard against increasingly sophisticated threats. Employee training programs are becoming standard to combat human error, a common entry point for breaches. With the rise of remote work and cloud computing, securing digital ecosystems is critical to maintaining trust and operational continuity. The future of cybersecurity lies in AI-driven solutions that proactively detect and neutralize vulnerabilities in real time.",
    "excerpt": "Companies increase investment in digital security solutions.",
    "date": "Mar 15, 2024",
    "author": "Rachel Green",
    "image": "/Blog_Image/Blog.png",
    "category": "Technology",
    "content": "With ransomware and phishing on the rise, businesses are prioritizing cybersecurity frameworks that include real-time threat monitoring and automated response systems. Training employees to recognize phishing attempts and follow secure protocols has become crucial, as human error remains a significant vulnerability. Upgraded systems with end-to-end encryption and zero-trust architectures are being implemented to protect data across industries like finance and healthcare. AI-powered defense systems are emerging as a game-changer, capable of predicting and mitigating threats before they cause harm. As cyber threats evolve, continuous investment in security infrastructure is vital to safeguarding digital economies.",
    "gridImages": ["/Blog_Image/Blog.png", "/Blog_Image/Blog.png", "/Blog_Image/Blog.png"],
    "elements": [{ "title": "Communication" }, { "title": "Customer Service" }, { "title": "Good Work" }, { "title": "Great Timelines" }],
    "additionalContent": "Experts predict AI-powered defense systems will define the future of digital security."
  },
  {
    "id": "news-9",
    "title": "Tourism Industry Rebounds Post-Pandemic",
    "introParagraph": "Global travel demand is surging as pandemic restrictions ease, with popular destinations witnessing record-breaking visitor numbers and revitalized economies. Airlines and hotels are expanding operations, introducing enhanced safety protocols and digital check-in systems to meet traveler expectations. Countries are implementing flexible visa policies and tourism campaigns to attract international visitors, boosting cultural exchanges and local businesses. Sustainable tourism practices are gaining traction to minimize environmental impacts and preserve destinations for future generations. This rebound signals a robust recovery, with projections to surpass pre-pandemic levels by 2026.",
    "excerpt": "Popular destinations see record numbers of visitors.",
    "date": "Mar 25, 2024",
    "author": "James Taylor",
    "image": "/Blog_Image/Blog.png",
    "category": "Travel",
    "content": "International travel grows rapidly as airlines restore routes and hotels reopen with upgraded health measures, such as contactless services and improved sanitation. Countries introduce flexible visa policies, including e-visas and visa-on-arrival options, to attract tourists from diverse regions. Popular destinations like Paris, Tokyo, and New York report unprecedented visitor numbers, driving economic recovery in hospitality and retail sectors. Sustainable tourism initiatives, such as eco-friendly accommodations and limits on overtourism, are being prioritized to protect natural and cultural heritage. The industry’s growth is expected to create millions of jobs and foster global connectivity in the coming years.",
    "gridImages": ["/Blog_Image/Blog.png", "/Blog_Image/Blog.png", "/Blog_Image/Blog.png"],
    "elements": [{ "title": "Communication" }, { "title": "Customer Service" }, { "title": "Good Work" }, { "title": "Great Timelines" }],
    "additionalContent": "Tourism is expected to surpass pre-pandemic levels by 2026."
  },
  {
    "id": "news-10",
    "title": "5G Networks Expand Globally",
    "introParagraph": "The global expansion of 5G networks is transforming industries by delivering ultra-fast internet speeds and enabling innovative applications like IoT and smart cities. Telecom companies are rapidly extending coverage to rural and urban areas, bridging the digital divide and fostering economic inclusion. Enhanced connectivity supports advancements in autonomous vehicles, remote healthcare, and immersive entertainment experiences. Governments and private sectors are collaborating to ensure robust infrastructure and address security concerns in 5G deployment. This technological leap is set to redefine global communication and drive digital transformation across multiple sectors.",
    "excerpt": "5G adoption reaches new milestones worldwide.",
    "date": "Apr 1, 2024",
    "author": "Olivia White",
    "image": "/Blog_Image/Blog.png",
    "category": "Technology",
    "content": "5G networks enable lightning-fast internet speeds, boosting IoT applications like smart home devices and industrial automation. Telecoms expand coverage into rural areas, providing high-speed internet to previously underserved communities and narrowing the digital divide. Innovations such as autonomous vehicles and remote surgeries rely on 5G’s low latency and high reliability, while smart cities use it to optimize traffic and energy systems. Security measures, including advanced encryption, are critical to protecting 5G networks from cyber threats. As adoption grows, 5G is expected to unlock new possibilities in robotics, augmented reality, and global connectivity.",
    "gridImages": ["/Blog_Image/Blog.png", "/Blog_Image/Blog.png", "/Blog_Image/Blog.png"],
    "elements": [{ "title": "Communication" }, { "title": "Customer Service" }, { "title": "Good Work" }, { "title": "Great Timelines" }],
    "additionalContent": "5G innovations are expected to enable autonomous vehicles and advanced robotics."
  },
  {
    "id": "news-11",
    "title": "Sports Analytics Drive Team Performance",
    "introParagraph": "Data analytics is revolutionizing sports strategies, empowering teams to optimize performance through real-time insights and predictive modeling. Coaches and athletes leverage data from wearable devices and video analysis to refine tactics, enhance training, and reduce injury risks. This data-driven approach provides a competitive edge in high-stakes leagues, improving decision-making on and off the field. Fan engagement is also elevated through interactive stats and immersive broadcasts powered by analytics. As technology advances, sports analytics are reshaping the industry, driving both performance and entertainment value.",
    "excerpt": "Teams leverage data to gain competitive advantage.",
    "date": "Apr 5, 2024",
    "author": "William King",
    "image": "/Blog_Image/Blog.png",
    "category": "Sports",
    "content": "Coaches and players rely on performance analytics for decision-making, using data from wearable devices to track fitness metrics like heart rate and fatigue levels. Video analysis tools break down game footage to identify strategic opportunities and weaknesses, enabling tailored training regimens. Wearables also help predict and prevent injuries by monitoring biomechanical stress, extending athletes’ careers. Fans benefit from enhanced experiences through real-time stats and augmented reality overlays during broadcasts. Analytics are transforming sports like soccer, basketball, and American football, driving both competitive success and commercial growth through deeper fan engagement.",
    "gridImages": ["/Blog_Image/Blog.png", "/Blog_Image/Blog.png", "/Blog_Image/Blog.png"],
    "elements": [{ "title": "Communication" }, { "title": "Customer Service" }, { "title": "Good Work" }, { "title": "Great Timelines" }],
    "additionalContent": "Analytics continue to enhance sports entertainment and fan engagement."
  },
  {
    "id": "news-12",
    "title": "FinTech Apps Reshape Banking",
    "introParagraph": "Digital wallets and mobile-first banking platforms are disrupting traditional financial institutions, offering consumers seamless, low-cost alternatives for managing their finances. FinTech startups are leveraging AI and blockchain to provide instant transactions, personalized financial advice, and enhanced security features. These apps empower users with 24/7 access to banking services, appealing to a tech-savvy generation that values convenience and transparency. By reducing reliance on physical branches, FinTech is driving financial inclusion, particularly in underserved regions. The sector’s rapid growth signals a transformative shift in global banking practices.",
    "excerpt": "Consumers prefer mobile-first banking experiences.",
    "date": "Apr 15, 2024",
    "author": "Hannah Scott",
    "image": "/Blog_Image/Blog.png",
    "category": "Finance",
    "content": "FinTech startups are disrupting traditional banks with instant transactions, low fees, and user-friendly mobile apps that provide 24/7 access to financial services. Blockchain technology ensures secure peer-to-peer lending and transparent transaction records, while AI-driven tools offer personalized budgeting and investment advice. These innovations are particularly impactful in developing regions, where mobile banking enables unbanked populations to participate in the financial system. Partnerships between FinTech firms and established banks are also emerging, blending innovation with regulatory compliance. The FinTech market is projected to grow exponentially, reshaping how consumers interact with money.",
    "gridImages": ["/Blog_Image/Blog.png", "/Blog_Image/Blog.png", "/Blog_Image/Blog.png"],
    "elements": [{ "title": "Communication" }, { "title": "Customer Service" }, { "title": "Good Work" }, { "title": "Great Timelines" }],
    "additionalContent": "The fintech market is projected to grow exponentially in the coming decade."
  },
  {
    "id": "news-13",
    "title": "Mental Health Awareness Increases",
    "introParagraph": "Society is increasingly recognizing the critical importance of mental health, with governments and organizations launching campaigns to reduce stigma and expand access to care. Schools are integrating mindfulness and emotional resilience programs to support student well-being from an early age. Online therapy platforms and support groups are making mental health resources more accessible, particularly in underserved areas. These initiatives aim to prioritize mental health on par with physical health, fostering healthier communities. As awareness grows, mental health care is becoming a cornerstone of public health strategies worldwide.",
    "excerpt": "Campaigns highlight the significance of mental health support.",
    "date": "Apr 20, 2024",
    "author": "Laura Adams",
    "image": "/Blog_Image/Blog.png",
    "category": "Health",
    "content": "Governments and organizations promote mental health awareness through public campaigns, providing access to therapy, hotlines, and community support groups. Schools integrate mindfulness training and mental health education into curricula, helping students develop coping skills and emotional intelligence. Online platforms offer affordable therapy sessions, reaching individuals in remote or low-income areas. Workplace wellness programs are also expanding, with companies offering mental health days and counseling services to reduce burnout. These efforts are expected to normalize mental health care, making it a priority equal to physical health and improving societal well-being.",
    "gridImages": ["/Blog_Image/Blog.png", "/Blog_Image/Blog.png", "/Blog_Image/Blog.png"],
    "elements": [{ "title": "Communication" }, { "title": "Customer Service" }, { "title": "Good Work" }, { "title": "Great Timelines" }],
    "additionalContent": "Mental health care is expected to become a priority equal to physical health."
  },
  {
    "id": "news-14",
    "title": "Blockchain Expands Beyond Cryptocurrency",
    "introParagraph": "Blockchain technology is extending its reach beyond cryptocurrency, offering decentralized solutions that enhance transparency and security across multiple industries. From supply chain management to healthcare and real estate, companies are adopting blockchain for secure, tamper-proof transactions and record-keeping. Its ability to streamline processes and reduce fraud is driving widespread adoption in both public and private sectors. As regulatory frameworks evolve, blockchain is poised to become a foundational technology for digital trust. This expansion is reshaping industries and fostering innovation in global markets.",
    "excerpt": "Supply chains, healthcare, and real estate explore blockchain.",
    "date": "Apr 25, 2024",
    "author": "Mark Evans",
    "image": "/Blog_Image/Blog.png",
    "category": "Technology",
    "content": "Blockchain provides transparency and security across transactions, with applications in supply chain tracking for ethical sourcing, healthcare record management for patient privacy, and real estate for fraud-proof contracts. Companies are adopting decentralized solutions to streamline logistics and ensure data integrity, reducing costs and improving efficiency. Smart contracts automate agreements, eliminating intermediaries and speeding up processes like property transfers. As trust in digital systems grows, blockchain adoption is accelerating, supported by maturing protocols and regulatory clarity. Experts predict it will redefine industries by enabling secure, decentralized ecosystems.",
    "gridImages": ["/Blog_Image/Blog.png", "/Blog_Image/Blog.png", "/Blog_Image/Blog.png"],
    "elements": [{ "title": "Communication" }, { "title": "Customer Service" }, { "title": "Good Work" }, { "title": "Great Timelines" }],
    "additionalContent": "Experts believe blockchain adoption will accelerate as trust in digital systems grows."
  },
  {
    "id": "news-15",
    "title": "Urban Farming Gains Popularity",
    "introParagraph": "Urban farming is gaining traction as cities embrace rooftop gardens and vertical farming to address food insecurity and promote sustainability. These innovative practices maximize limited urban spaces, providing fresh produce to local communities while reducing transportation emissions. Municipalities are supporting these initiatives with grants and zoning changes to encourage agricultural integration in urban planning. By fostering healthier diets and greener cities, urban farming is reshaping how metropolitan areas approach food production. This trend is driving a global movement toward self-sufficient, eco-friendly urban environments.",
    "excerpt": "Urban agriculture addresses food shortages.",
    "date": "May 1, 2024",
    "author": "Emma Johnson",
    "image": "/Blog_Image/Blog.png",
    "category": "Lifestyle",
    "content": "Residents use urban farming to grow fresh produce sustainably, with rooftop gardens and vertical farms transforming cityscapes into green hubs. These initiatives reduce reliance on long supply chains, lowering carbon footprints and ensuring fresher, healthier food options. Cities encourage projects through incentives like tax breaks and community grants, while schools and businesses adopt urban farming for educational and CSR programs. Technologies like hydroponics and aquaponics enhance yields in small spaces, making urban agriculture scalable. This movement contributes to food security, environmental sustainability, and stronger community ties in urban areas.",
    "gridImages": ["/Blog_Image/Blog.png", "/Blog_Image/Blog.png", "/Blog_Image/Blog.png"],
    "elements": [{ "title": "Communication" }, { "title": "Customer Service" }, { "title": "Good Work" }, { "title": "Great Timelines" }],
    "additionalContent": "Urban farming contributes to healthier diets and greener cities."
  },
  {
    "id": "news-16",
    "title": "Cloud Platforms Streamline Construction Collaboration",
    "introParagraph": "Cloud-based collaboration tools are revolutionizing the construction industry by enabling real-time communication and project management across global teams. These platforms allow stakeholders to share documents, track progress, and resolve issues instantly, reducing errors and delays. By centralizing data and improving transparency, cloud solutions enhance efficiency and accountability on construction sites. As digital adoption grows, these tools are transforming how projects are planned and executed. The future of construction lies in seamless, technology-driven collaboration.",
    "excerpt": "Teams embrace digital project management for efficiency.",
    "date": "May 10, 2024",
    "author": "Grace Anderson",
    "image": "/Blog_Image/Blog.png",
    "category": "Technology",
    "content": "Cloud tools allow stakeholders to collaborate in real-time, with shared documents and communication features minimizing errors in project specifications and timelines. Platforms integrate 3D modeling and AI analytics to predict potential issues, enabling proactive solutions. These systems improve accountability by tracking changes and ensuring all parties have access to up-to-date plans. Construction firms report reduced costs and faster project completion due to streamlined workflows. As cloud adoption grows, it is expected to drive global collaboration, enabling complex projects across borders with greater efficiency.",
    "gridImages": ["/Blog_Image/Blog.png", "/Blog_Image/Blog.png", "/Blog_Image/Blog.png"],
    "elements": [{ "title": "Communication" }, { "title": "Customer Service" }, { "title": "Good Work" }, { "title": "Great Timelines" }],
    "additionalContent": "Future advancements will enhance global construction collaboration."
  },
  {
    "id": "news-17",
    "title": "Virtual Reality Enters Retail Shopping",
    "introParagraph": "Virtual reality (VR) is transforming retail by offering immersive shopping experiences that allow consumers to explore products in virtual environments before purchasing. Retailers are adopting VR to enhance customer engagement, reduce return rates, and differentiate their brands in competitive markets. This technology enables personalized shopping, from virtual try-ons to interactive store tours, appealing to tech-savvy consumers. As VR hardware becomes more affordable, its adoption is accelerating across the retail sector. This innovation is redefining how consumers interact with products and brands online.",
    "excerpt": "Consumers explore products virtually before purchase.",
    "date": "May 15, 2024",
    "author": "Anthony Clark",
    "image": "/Blog_Image/Blog.png",
    "category": "Business",
    "content": "Retailers introduce VR shopping experiences where customers can preview products like clothing, furniture, and electronics in virtual settings, reducing uncertainty and boosting confidence in purchases. Virtual try-ons for apparel and AR-enhanced store tours increase engagement, while integration with e-commerce platforms streamlines transactions. This technology lowers return rates by allowing customers to visualize products in realistic contexts, such as home decor in their own spaces. Major retailers report higher sales and customer satisfaction due to VR innovations. As costs decline, VR is expected to become a standard feature in online retail, transforming the shopping experience.",
    "gridImages": ["/Blog_Image/Blog.png", "/Blog_Image/Blog.png", "/Blog_Image/Blog.png"],
    "elements": [{ "title": "Communication" }, { "title": "Customer Service" }, { "title": "Good Work" }, { "title": "Great Timelines" }],
    "additionalContent": "As VR becomes affordable, more retailers will adopt immersive shopping technologies."
  },
  {
    "id": "news-18",
    "title": "Robotics in Manufacturing Expands",
    "introParagraph": "Advanced robotics are revolutionizing manufacturing by automating complex tasks, enhancing productivity, and improving workplace safety across industries. Factories are deploying robots for precision assembly, material handling, and quality control, reducing human error and operational costs. These systems integrate AI to adapt to varying production needs, making manufacturing more flexible and efficient. As robotics technology advances, it is driving economic growth and enabling smaller firms to compete globally. This automation trend is reshaping the future of industrial production worldwide.",
    "excerpt": "Robots reduce costs and improve safety.",
    "date": "May 20, 2024",
    "author": "Isabella Moore",
    "image": "/Blog_Image/Blog.png",
    "category": "Technology",
    "content": "Manufacturers deploy advanced robots to streamline operations, from assembling intricate electronics to handling heavy materials in automotive plants. Automation reduces human errors and ensures safety in hazardous environments, such as chemical processing or high-risk assembly lines. AI-powered robots adapt to changing production demands, enabling flexible manufacturing systems that support customization. Small and medium enterprises benefit from affordable robotic solutions, leveling the competitive field with larger corporations. Automation is projected to boost productivity, drive economic growth, and create new job opportunities in robotics maintenance and programming.",
    "gridImages": ["/Blog_Image/Blog.png", "/Blog_Image/Blog.png", "/Blog_Image/Blog.png"],
    "elements": [{ "title": "Communication" }, { "title": "Customer Service" }, { "title": "Good Work" }, { "title": "Great Timelines" }],
    "additionalContent": "Automation is projected to boost productivity across industries in the coming years."
  }
]