[
  {
    "title": "Revolutionary Construction Technology Transforms Building Industry Revolutionary Construction Technology Transforms Building Industry",
    "date": "May 15, 2024",
    "image": "/Blog_Image/Blog.png"
  },
  {
    "title": "Sustainable Building Practices Lead to 50% Energy Reduction",
    "date": "May 12, 2024",
    "image": "/Blog_Image/Blog.png"
  },
  {
    "title": "New Safety Protocols Reduce Construction Accidents by 60%",
    "date": "May 10, 2024",
    "image": "/Blog_Image/Blog.png"
  }
]